Year,Sex,Age,Incidence Rate,Incident Cases,Population at Risk,Standard Error
2004,BOTH,ALL,16.864,545.0,3231690.8803000003,0.7200000000000001
2004,BOTH,00to19,0.575,5.0,870172.89696,0.26
2004,BOTH,20to24,10.833,27.0,249228.29131,2.08
2004,BOTH,25to29,19.259000000000004,47.0,244036.08981,2.81
2004,BOTH,30to34,30.035,72.0,239723.94588,3.54
2004,BOTH,35to39,35.819,87.0,242887.59112,3.8400000000000003
2004,BOTH,40to44,32.742000000000004,92.0,280986.36764,3.41
2004,BOTH,45to49,27.882,74.0,265401.90031,3.24
2004,BOTH,50to54,31.28,67.0,214195.59234,3.8200000000000003
2004,BOTH,55to59,17.735,30.0,169158.96934,3.24
2004,BOTH,60to64,13.915000000000001,17.0,122174.16758000001,3.37
2004,BOTH,65to69,7.2410000000000005,7.0,96677.052699,2.74
2004,BOTH,70to74,9.408,8.0,85035.178776,3.33
2004,BOTH,75to79,10.422,7.0,67163.299829,3.9400000000000004
2004,BOTH,80to84,10.469000000000001,5.0,47758.742875,4.680000000000001
2004,BOTH,85+,0.0,0.0,37090.793853,5.390000000000001
2004,FEMALE,ALL,23.594,376.0,1593655.5862,1.2200000000000002
2004,FEMALE,00to19,0.7110000000000001,3.0,421780.95358000003,0.41000000000000003
2004,FEMALE,20to24,15.861,19.0,119790.16084000001,3.64
2004,FEMALE,25to29,32.627,38.0,116469.32854,5.29
2004,FEMALE,30to34,47.667,55.0,115383.71935000001,6.430000000000001
2004,FEMALE,35to39,47.371,56.0,118215.00264,6.330000000000001
2004,FEMALE,40to44,43.546,60.0,137785.14543,5.62
2004,FEMALE,45to49,36.309000000000005,47.0,129446.25966000001,5.300000000000001
2004,FEMALE,50to54,47.606,50.0,105029.32431,6.73
2004,FEMALE,55to59,23.849,20.0,83860.803165,5.330000000000001
2004,FEMALE,60to64,19.691000000000003,12.0,60941.695640000005,5.680000000000001
2004,FEMALE,65to69,10.105000000000002,5.0,49480.042305,4.52
2004,FEMALE,70to74,6.7780000000000005,3.0,44259.326848000004,3.91
2004,FEMALE,75to79,10.813,4.0,36992.745064,5.41
2004,FEMALE,80to84,13.879000000000001,4.0,28820.222114,6.94
2004,FEMALE,85+,0.0,0.0,25400.856687000003,7.870000000000001
2004,MALE,ALL,10.317,169.0,1638035.2941000003,0.79
2004,MALE,00to19,0.446,2.0,448391.94338,0.32000000000000006
2004,MALE,20to24,6.181000000000001,8.0,129438.13047,2.19
2004,MALE,25to29,7.055,9.0,127566.76127000002,2.35
2004,MALE,30to34,13.672,17.0,124340.22653000001,3.3200000000000003
2004,MALE,35to39,24.865000000000002,31.0,124672.58848,4.470000000000001
2004,MALE,40to44,22.346,32.0,143201.22221,3.95
2004,MALE,45to49,19.859,27.0,135955.64065000002,3.8200000000000003
2004,MALE,50to54,15.573,17.0,109166.26803,3.7800000000000002
2004,MALE,55to59,11.724,10.0,85298.166173,3.71
2004,MALE,60to64,8.166,5.0,61232.471941,3.65
2004,MALE,65to69,4.238,2.0,47197.010394,3.0
2004,MALE,70to74,12.262,5.0,40775.851928000004,5.48
2004,MALE,75to79,9.943,3.0,30170.554765,5.74
2004,MALE,80to84,5.28,1.0,18938.520761,5.28
2004,MALE,85+,0.0,0.0,11689.937166000002,17.1
2005,BOTH,ALL,15.689000000000002,520.0,3314378.2672,0.6900000000000001
2005,BOTH,00to19,0.454,4.0,880794.51742,0.23
2005,BOTH,20to24,9.650000000000002,25.0,259072.57771,1.9300000000000002
2005,BOTH,25to29,16.201,41.0,253072.67615,2.53
2005,BOTH,30to34,25.681,63.0,245318.46560000003,3.24
2005,BOTH,35to39,30.773000000000003,75.0,243723.12642000002,3.55
2005,BOTH,40to44,31.262000000000004,88.0,281488.7382,3.33
2005,BOTH,45to49,31.853,87.0,273126.41432000004,3.4200000000000004
2005,BOTH,50to54,25.138,57.0,226751.91082000002,3.33
2005,BOTH,55to59,14.450000000000001,26.0,179927.95133,2.83
2005,BOTH,60to64,16.375,21.0,128241.94349,3.57
2005,BOTH,65to69,15.160000000000002,15.0,98945.806849,3.91
2005,BOTH,70to74,8.158,7.0,85807.377612,3.08
2005,BOTH,75to79,12.938,9.0,69563.065249,4.31
2005,BOTH,80to84,2.044,1.0,48917.358945,2.04
2005,BOTH,85+,2.524,1.0,39626.337049,2.52
2005,FEMALE,ALL,24.122,394.0,1633375.9982,1.2200000000000002
2005,FEMALE,00to19,0.7030000000000001,3.0,426956.799,0.41000000000000003
2005,FEMALE,20to24,15.301,19.0,124175.13032000001,3.51
2005,FEMALE,25to29,24.799000000000003,30.0,120971.1156,4.53
2005,FEMALE,30to34,47.483000000000004,56.0,117936.11114000001,6.3500000000000005
2005,FEMALE,35to39,48.217000000000006,57.0,118216.56989,6.390000000000001
2005,FEMALE,40to44,48.48800000000001,67.0,138178.41632,5.92
2005,FEMALE,45to49,51.726000000000006,69.0,133394.05957,6.23
2005,FEMALE,50to54,38.765,43.0,110925.96911,5.91
2005,FEMALE,55to59,17.992,16.0,88927.93521600001,4.5
2005,FEMALE,60to64,25.028,16.0,63928.850430000006,6.26
2005,FEMALE,65to69,15.809000000000001,8.0,50604.034841,5.59
2005,FEMALE,70to74,6.7090000000000005,3.0,44716.427338,3.87
2005,FEMALE,75to79,15.8,6.0,37975.682408,6.45
2005,FEMALE,80to84,0.0,0.0,29402.869054000003,6.800000000000001
2005,FEMALE,85+,3.6950000000000003,1.0,27066.027981,3.69
2005,MALE,ALL,7.496,126.0,1681002.269,0.6700000000000002
2005,MALE,00to19,0.22,1.0,453837.71843,0.22
2005,MALE,20to24,4.448,6.0,134897.44738,1.82
2005,MALE,25to29,8.327,11.0,132101.56055,2.51
2005,MALE,30to34,5.495,7.0,127382.35446,2.08
2005,MALE,35to39,14.342,18.0,125506.55654,3.3800000000000003
2005,MALE,40to44,14.654000000000002,21.0,143310.32188,3.2
2005,MALE,45to49,12.882000000000001,18.0,139732.35475000003,3.04
2005,MALE,50to54,12.087,14.0,115825.94171000001,3.23
2005,MALE,55to59,10.989,10.0,91000.016109,3.4800000000000004
2005,MALE,60to64,7.774,5.0,64313.093063,3.4800000000000004
2005,MALE,65to69,14.48,7.0,48341.77200900001,5.470000000000001
2005,MALE,70to74,9.735000000000001,4.0,41090.950275,4.870000000000001
2005,MALE,75to79,9.497,3.0,31587.382841000002,5.48
2005,MALE,80to84,5.1240000000000006,1.0,19514.489892,5.12
2005,MALE,85+,0.0,0.0,12560.309067000002,15.92
2006,BOTH,ALL,15.878,542.0,3413618.1679000002,0.68
2006,BOTH,00to19,0.895,8.0,893818.25869,0.32000000000000006
2006,BOTH,20to24,9.555,26.0,272115.52361,1.87
2006,BOTH,25to29,21.916,58.0,264641.30834,2.8800000000000003
2006,BOTH,30to34,28.863,73.0,252922.06442,3.3800000000000003
2006,BOTH,35to39,24.312,61.0,250908.29272,3.11
2006,BOTH,40to44,30.123,84.0,278859.67750000005,3.29
2006,BOTH,45to49,29.984,84.0,280145.30504,3.27
2006,BOTH,50to54,26.578,64.0,240804.09607,3.3200000000000003
2006,BOTH,55to59,17.338,33.0,190331.49453000003,3.02
2006,BOTH,60to64,15.519,21.0,135316.76967,3.39
2006,BOTH,65to69,13.634000000000002,14.0,102686.23163000001,3.64
2006,BOTH,70to74,9.231000000000002,8.0,86660.72290700002,3.2600000000000002
2006,BOTH,75to79,6.978000000000001,5.0,71654.30968,3.12
2006,BOTH,80to84,0.0,0.0,50438.195702000005,3.9600000000000004
2006,BOTH,85+,7.09,3.0,42315.917406,4.09
2006,FEMALE,ALL,23.408,393.0,1678929.174,1.1800000000000002
2006,FEMALE,00to19,0.6920000000000001,3.0,433301.68275000004,0.4
2006,FEMALE,20to24,12.334000000000001,16.0,129722.41255000001,3.08
2006,FEMALE,25to29,34.843,44.0,126279.86035,5.25
2006,FEMALE,30to34,48.604,59.0,121389.37623000001,6.330000000000001
2006,FEMALE,35to39,36.373000000000005,44.0,120969.78193000001,5.48
2006,FEMALE,40to44,47.672000000000004,65.0,136347.30175,5.91
2006,FEMALE,45to49,44.596,61.0,136784.66196,5.71
2006,FEMALE,50to54,36.602000000000004,43.0,117479.79009000001,5.58
2006,FEMALE,55to59,25.613000000000003,24.0,93703.58923,5.23
2006,FEMALE,60to64,20.740000000000002,14.0,67501.147761,5.54
2006,FEMALE,65to69,19.069,10.0,52440.266048000005,6.03
2006,FEMALE,70to74,11.039,5.0,45292.962904,4.94
2006,FEMALE,75to79,7.7170000000000005,3.0,38875.849176,4.46
2006,FEMALE,80to84,0.0,0.0,30147.648927000002,6.630000000000001
2006,FEMALE,85+,6.970000000000001,2.0,28692.842394000003,4.930000000000001
2006,MALE,ALL,8.589,149.0,1734688.9939000001,0.7000000000000001
2006,MALE,00to19,1.086,5.0,460516.57594,0.49
2006,MALE,20to24,7.023,10.0,142393.11106,2.22
2006,MALE,25to29,10.118000000000002,14.0,138361.44798,2.7
2006,MALE,30to34,10.644000000000002,14.0,131532.68819000002,2.8400000000000003
2006,MALE,35to39,13.083,17.0,129938.5108,3.17
2006,MALE,40to44,13.332,19.0,142512.37576000002,3.06
2006,MALE,45to49,16.043,23.0,143360.64308,3.35
2006,MALE,50to54,17.028,21.0,123324.30598,3.72
2006,MALE,55to59,9.314,9.0,96627.905301,3.1
2006,MALE,60to64,10.322000000000001,7.0,67815.621912,3.9000000000000004
2006,MALE,65to69,7.961,4.0,50245.965578,3.9800000000000004
2006,MALE,70to74,7.252,3.0,41367.760002,4.19
2006,MALE,75to79,6.102,2.0,32778.460503,4.31
2006,MALE,80to84,0.0,0.0,20290.546775,9.850000000000001
2006,MALE,85+,7.340000000000001,1.0,13623.075012,7.340000000000001
2007,BOTH,ALL,15.659,549.0,3506025.1846000003,0.6700000000000002
2007,BOTH,00to19,0.553,5.0,903466.7375400001,0.25
2007,BOTH,20to24,10.629000000000001,30.0,282237.92995,1.9400000000000002
2007,BOTH,25to29,19.275000000000002,54.0,280161.9791,2.62
2007,BOTH,30to34,23.352,61.0,261217.89305,2.99
2007,BOTH,35to39,26.751,69.0,257929.72848000002,3.22
2007,BOTH,40to44,25.049,69.0,275464.23519000004,3.02
2007,BOTH,45to49,33.81,97.0,286893.14393,3.43
2007,BOTH,50to54,28.383,72.0,253675.32975,3.3400000000000003
2007,BOTH,55to59,22.969,45.0,195919.55754,3.4200000000000004
2007,BOTH,60to64,15.005,22.0,146619.64777,3.2
2007,BOTH,65to69,9.388,10.0,106514.46694000001,2.97
2007,BOTH,70to74,8.045,7.0,87008.24577700002,3.04
2007,BOTH,75to79,5.472,4.0,73097.27776299999,2.74
2007,BOTH,80to84,7.805000000000001,4.0,51246.63555500001,3.9000000000000004
2007,BOTH,85+,0.0,0.0,44572.376225,4.49
2007,FEMALE,ALL,22.371000000000002,385.0,1721009.0451,1.1400000000000001
2007,FEMALE,00to19,0.911,4.0,439101.90144000005,0.46
2007,FEMALE,20to24,17.852,24.0,134437.81350000002,3.64
2007,FEMALE,25to29,32.945,44.0,133554.50537,4.970000000000001
2007,FEMALE,30to34,35.198,44.0,125007.48872000001,5.3100000000000005
2007,FEMALE,35to39,39.634,49.0,123631.40523,5.66
2007,FEMALE,40to44,38.239000000000004,51.0,133370.38023,5.3500000000000005
2007,FEMALE,45to49,50.781000000000006,71.0,139815.67826000002,6.03
2007,FEMALE,50to54,34.134,42.0,123044.51702,5.2700000000000005
2007,FEMALE,55to59,26.005,25.0,96136.031171,5.2
2007,FEMALE,60to64,21.901000000000003,16.0,73054.580895,5.48
2007,FEMALE,65to69,14.731000000000002,8.0,54307.950784,5.21
2007,FEMALE,70to74,6.585,3.0,45559.39207,3.8000000000000003
2007,FEMALE,75to79,2.528,1.0,39557.461241000005,2.53
2007,FEMALE,80to84,9.888,3.0,30338.9775,5.71
2007,FEMALE,85+,0.0,0.0,30090.961634000003,6.65
2007,MALE,ALL,9.187999999999999,164.0,1785016.1395,0.7200000000000001
2007,MALE,00to19,0.21500000000000002,1.0,464364.8361000001,0.22
2007,MALE,20to24,4.06,6.0,147800.11644,1.6600000000000001
2007,MALE,25to29,6.821000000000001,10.0,146607.47371999998,2.16
2007,MALE,30to34,12.481,17.0,136210.40433,3.03
2007,MALE,35to39,14.892000000000001,20.0,134298.32325000002,3.33
2007,MALE,40to44,12.668000000000001,18.0,142093.85495,2.99
2007,MALE,45to49,17.678,26.0,147077.46567,3.47
2007,MALE,50to54,22.965000000000003,30.0,130630.81274000001,4.19
2007,MALE,55to59,20.043,20.0,99783.52637,4.48
2007,MALE,60to64,8.155999999999999,6.0,73565.066873,3.33
2007,MALE,65to69,3.8310000000000004,2.0,52206.516156,2.71
2007,MALE,70to74,9.650000000000002,4.0,41448.853707,4.830000000000001
2007,MALE,75to79,8.945,3.0,33539.816522,5.16
2007,MALE,80to84,4.783,1.0,20907.658056000004,4.78
2007,MALE,85+,0.0,0.0,14481.414591,13.81
2008,BOTH,ALL,16.056,576.0,3587388.3929000003,0.6700000000000002
2008,BOTH,00to19,0.766,7.0,914343.7156600001,0.29000000000000004
2008,BOTH,20to24,7.029,20.0,284527.45723,1.57
2008,BOTH,25to29,22.313000000000002,66.0,295796.84852,2.75
2008,BOTH,30to34,28.102,76.0,270444.67758,3.22
2008,BOTH,35to39,29.882,79.0,264376.80251,3.3600000000000003
2008,BOTH,40to44,26.989,73.0,270481.31178,3.16
2008,BOTH,45to49,32.834,96.0,292383.40137000004,3.35
2008,BOTH,50to54,26.131,69.0,264053.94276,3.15
2008,BOTH,55to59,18.235,37.0,202908.84795000002,3.0
2008,BOTH,60to64,15.976,25.0,156484.0344,3.2
2008,BOTH,65to69,12.595,14.0,111151.79393000001,3.37
2008,BOTH,70to74,6.844,6.0,87663.861239,2.79
2008,BOTH,75to79,6.752,5.0,74056.95557,3.02
2008,BOTH,80to84,1.9040000000000001,1.0,52519.052082,1.9000000000000001
2008,BOTH,85+,4.329,2.0,46195.690354000006,3.06
2008,FEMALE,ALL,23.299000000000003,410.0,1759730.7796000002,1.1500000000000001
2008,FEMALE,00to19,0.899,4.0,444993.94486000005,0.45
2008,FEMALE,20to24,10.99,15.0,136487.96253,2.8400000000000003
2008,FEMALE,25to29,35.39000000000001,50.0,141283.3452,5.0
2008,FEMALE,30to34,41.824000000000005,54.0,129113.82694,5.69
2008,FEMALE,35to39,39.519,50.0,126521.30542,5.59
2008,FEMALE,40to44,43.797000000000004,57.0,130146.27654,5.800000000000001
2008,FEMALE,45to49,50.684000000000005,72.0,142057.00551,5.970000000000001
2008,FEMALE,50to54,43.143,55.0,127483.59793,5.82
2008,FEMALE,55to59,20.16,20.0,99208.30584,4.51
2008,FEMALE,60to64,16.695,13.0,77865.547577,4.630000000000001
2008,FEMALE,65to69,15.894,9.0,56626.74669000001,5.300000000000001
2008,FEMALE,70to74,10.88,5.0,45956.819979,4.870000000000001
2008,FEMALE,75to79,7.485,3.0,40077.669003,4.319999999999999
2008,FEMALE,80to84,3.249,1.0,30780.277281000002,3.25
2008,FEMALE,85+,6.425000000000001,2.0,31128.148303,4.54
2008,MALE,ALL,9.083,166.0,1827657.6133,0.7000000000000001
2008,MALE,00to19,0.6390000000000001,3.0,469349.7708,0.37000000000000005
2008,MALE,20to24,3.3770000000000002,5.0,148039.49471,1.51
2008,MALE,25to29,10.355,16.0,154513.50332,2.59
2008,MALE,30to34,15.566,22.0,141330.85064000002,3.3200000000000003
2008,MALE,35to39,21.037,29.0,137855.49708,3.91
2008,MALE,40to44,11.401,16.0,140335.03524,2.85
2008,MALE,45to49,15.965,24.0,150326.39586000002,3.2600000000000002
2008,MALE,50to54,10.251000000000001,14.0,136570.34483000002,2.74
2008,MALE,55to59,16.393,17.0,103700.54211,3.9800000000000004
2008,MALE,60to64,15.264000000000001,12.0,78618.48682,4.41
2008,MALE,65to69,9.17,5.0,54525.047239,4.1000000000000005
2008,MALE,70to74,2.398,1.0,41707.04126,2.4000000000000004
2008,MALE,75to79,5.886000000000001,2.0,33979.286567,4.16
2008,MALE,80to84,0.0,0.0,21738.774801,9.200000000000001
2008,MALE,85+,0.0,0.0,15067.542051,13.270000000000001
2009,BOTH,ALL,14.141000000000002,519.0,3670197.6114000003,0.6200000000000001
2009,BOTH,00to19,0.43300000000000005,4.0,924678.3288100001,0.22
2009,BOTH,20to24,10.841000000000001,31.0,285963.69098,1.9500000000000002
2009,BOTH,25to29,23.139000000000003,72.0,311163.60039000004,2.73
2009,BOTH,30to34,24.511,69.0,281502.48822,2.95
2009,BOTH,35to39,24.828,67.0,269851.6072,3.03
2009,BOTH,40to44,25.478,68.0,266898.94324000005,3.09
2009,BOTH,45to49,23.612000000000002,70.0,296465.59204,2.8200000000000003
2009,BOTH,50to54,22.727000000000004,62.0,272797.97218000004,2.89
2009,BOTH,55to59,14.033,30.0,213785.92996000004,2.56
2009,BOTH,60to64,16.94,28.0,165292.60277,3.2
2009,BOTH,65to69,3.4450000000000003,4.0,116117.71027000001,1.7200000000000002
2009,BOTH,70to74,2.242,2.0,89192.973828,1.59
2009,BOTH,75to79,6.698,5.0,74650.05381,3.0
2009,BOTH,80to84,5.567,3.0,53891.624497000004,3.21
2009,BOTH,85+,8.343,4.0,47944.493172,4.170000000000001
2009,FEMALE,ALL,20.549,370.0,1800531.0339,1.07
2009,FEMALE,00to19,0.444,2.0,450099.11030000006,0.31000000000000005
2009,FEMALE,20to24,15.922,22.0,138171.86644,3.39
2009,FEMALE,25to29,29.466,44.0,149322.96036,4.44
2009,FEMALE,30to34,38.575,52.0,134802.24323000002,5.3500000000000005
2009,FEMALE,35to39,40.303000000000004,52.0,129024.23101000002,5.59
2009,FEMALE,40to44,36.663000000000004,47.0,128194.99188000002,5.3500000000000005
2009,FEMALE,45to49,34.153,49.0,143470.29529,4.880000000000001
2009,FEMALE,50to54,35.790000000000006,47.0,131321.58578,5.22
2009,FEMALE,55to59,20.168000000000003,21.0,104125.13819000001,4.4
2009,FEMALE,60to64,25.54,21.0,82223.16909800001,5.57
2009,FEMALE,65to69,3.3870000000000005,2.0,59049.487468,2.39
2009,FEMALE,70to74,4.265000000000001,2.0,46892.458295000004,3.02
2009,FEMALE,75to79,12.41,5.0,40290.819242000005,5.55
2009,FEMALE,80to84,3.196,1.0,31290.681663000003,3.2
2009,FEMALE,85+,9.302000000000001,3.0,32251.995611000002,5.370000000000001
2009,MALE,ALL,7.969,149.0,1869666.5775,0.6500000000000001
2009,MALE,00to19,0.42100000000000004,2.0,474579.21851000004,0.30000000000000004
2009,MALE,20to24,6.09,9.0,147791.82454000003,2.03
2009,MALE,25to29,17.301000000000002,28.0,161840.64004,3.27
2009,MALE,30to34,11.588,17.0,146700.24498000002,2.81
2009,MALE,35to39,10.651000000000002,15.0,140827.37619,2.75
2009,MALE,40to44,15.14,21.0,138703.95136,3.3000000000000003
2009,MALE,45to49,13.726,21.0,152995.29675,3.0
2009,MALE,50to54,10.602000000000002,15.0,141476.38639000003,2.74
2009,MALE,55to59,8.207,9.0,109660.79176000001,2.74
2009,MALE,60to64,8.427,7.0,83069.433669,3.18
2009,MALE,65to69,3.505,2.0,57068.222804000005,2.4800000000000004
2009,MALE,70to74,0.0,0.0,42300.515534,4.73
2009,MALE,75to79,0.0,0.0,34359.23456800001,5.82
2009,MALE,80to84,8.849,2.0,22600.942834,6.26
2009,MALE,85+,6.372000000000001,1.0,15692.497561000002,6.370000000000001
2010,BOTH,ALL,14.209000000000001,529.0,3722960.1028,0.6200000000000001
2010,BOTH,00to19,0.537,5.0,931618.06947,0.24000000000000002
2010,BOTH,20to24,5.6610000000000005,16.0,282655.80282,1.4200000000000002
2010,BOTH,25to29,20.831,66.0,316837.99240000005,2.56
2010,BOTH,30to34,24.542,71.0,289303.66742,2.91
2010,BOTH,35to39,23.555,64.0,271700.9902,2.9400000000000004
2010,BOTH,40to44,24.648,65.0,263714.7891,3.06
2010,BOTH,45to49,26.119,77.0,294804.98188000004,2.9800000000000004
2010,BOTH,50to54,25.014,70.0,279842.79604,2.99
2010,BOTH,55to59,16.866,38.0,225307.70068,2.74
2010,BOTH,60to64,15.446,27.0,174798.75848000002,2.97
2010,BOTH,65to69,12.441,15.0,120573.85292,3.21
2010,BOTH,70to74,5.4670000000000005,5.0,91463.78901800001,2.4400000000000004
2010,BOTH,75to79,10.681000000000001,8.0,74897.47086100001,3.7800000000000002
2010,BOTH,80to84,1.7920000000000003,1.0,55809.67078400001,1.7900000000000003
2010,BOTH,85+,2.015,1.0,49629.770775000005,2.01
2010,FEMALE,ALL,20.706000000000003,379.0,1830354.7819000003,1.06
2010,FEMALE,00to19,0.882,4.0,453524.9218,0.44
2010,FEMALE,20to24,8.703000000000001,12.0,137879.65948,2.51
2010,FEMALE,25to29,31.319,48.0,153262.39049000002,4.52
2010,FEMALE,30to34,37.159,52.0,139938.0212,5.15
2010,FEMALE,35to39,33.746,44.0,130385.12578,5.09
2010,FEMALE,40to44,42.499,54.0,127061.87998,5.78
2010,FEMALE,45to49,37.933,54.0,142354.77838,5.16
2010,FEMALE,50to54,37.108000000000004,50.0,134740.81426,5.25
2010,FEMALE,55to59,20.155,22.0,109153.49373,4.3
2010,FEMALE,60to64,23.056,20.0,86747.184758,5.16
2010,FEMALE,65to69,13.031,8.0,61394.351632000005,4.61
2010,FEMALE,70to74,6.247,3.0,48026.142080000005,3.61
2010,FEMALE,75to79,14.845,6.0,40417.12711100001,6.06
2010,FEMALE,80to84,3.108,1.0,32174.689452000002,3.11
2010,FEMALE,85+,3.004,1.0,33294.201809000006,3.0
2010,MALE,ALL,7.926,150.0,1892605.3209,0.6500000000000001
2010,MALE,00to19,0.20900000000000002,1.0,478093.14767000003,0.21000000000000002
2010,MALE,20to24,2.7630000000000003,4.0,144776.14334,1.3800000000000001
2010,MALE,25to29,11.004,18.0,163575.60191,2.59
2010,MALE,30to34,12.72,19.0,149365.64622,2.9200000000000004
2010,MALE,35to39,14.153000000000002,20.0,141315.86442000003,3.16
2010,MALE,40to44,8.05,11.0,136652.90912,2.43
2010,MALE,45to49,15.087,23.0,152450.2035,3.15
2010,MALE,50to54,13.783000000000001,20.0,145101.98178,3.08
2010,MALE,55to59,13.775,16.0,116154.20695,3.4400000000000004
2010,MALE,60to64,7.95,7.0,88051.573722,3.0
2010,MALE,65to69,11.828000000000001,7.0,59179.501292,4.470000000000001
2010,MALE,70to74,4.604,2.0,43437.646937000005,3.2600000000000002
2010,MALE,75to79,5.800000000000001,2.0,34480.34375,4.1000000000000005
2010,MALE,80to84,0.0,0.0,23634.981332000003,8.46
2010,MALE,85+,0.0,0.0,16335.568966,12.24
2011,BOTH,ALL,12.303,465.0,3779639.9067,0.5700000000000001
2011,BOTH,00to19,0.9550000000000001,9.0,942379.45148,0.32000000000000006
2011,BOTH,20to24,5.351000000000001,15.0,280325.13248000003,1.3800000000000001
2011,BOTH,25to29,15.699000000000002,50.0,318496.32672000007,2.22
2011,BOTH,30to34,21.437,64.0,298548.36392,2.68
2011,BOTH,35to39,16.086,44.0,273525.13164000004,2.43
2011,BOTH,40to44,25.949,69.0,265901.61402000004,3.12
2011,BOTH,45to49,27.781000000000002,80.0,287967.27513,3.11
2011,BOTH,50to54,18.548,53.0,285741.95415,2.55
2011,BOTH,55to59,15.559,37.0,237798.25256000002,2.56
2011,BOTH,60to64,12.543,23.0,183369.09142,2.62
2011,BOTH,65to69,6.3260000000000005,8.0,126467.57031,2.24
2011,BOTH,70to74,4.24,4.0,94349.391069,2.12
2011,BOTH,75to79,3.9690000000000003,3.0,75582.703949,2.29
2011,BOTH,80to84,5.219,3.0,57486.448595,3.01
2011,BOTH,85+,5.803000000000001,3.0,51701.199288,3.35
2011,FEMALE,ALL,17.617,328.0,1861882.689,0.97
2011,FEMALE,00to19,1.7440000000000002,8.0,458700.08663,0.6200000000000001
2011,FEMALE,20to24,9.452,13.0,137540.31622,2.62
2011,FEMALE,25to29,24.483,38.0,155209.74707,3.97
2011,FEMALE,30to34,32.998,48.0,145464.97956,4.76
2011,FEMALE,35to39,24.185000000000002,32.0,132314.10736,4.28
2011,FEMALE,40to44,39.692,51.0,128490.49321000002,5.56
2011,FEMALE,45to49,37.484,52.0,138725.72651,5.2
2011,FEMALE,50to54,23.250000000000004,32.0,137637.0132,4.11
2011,FEMALE,55to59,20.006,23.0,114963.3543,4.170000000000001
2011,FEMALE,60to64,18.724,17.0,90791.30901,4.54
2011,FEMALE,65to69,9.333,6.0,64287.03505,3.81
2011,FEMALE,70to74,6.058,3.0,49521.078011,3.5
2011,FEMALE,75to79,4.905,2.0,40775.11217200001,3.47
2011,FEMALE,80to84,6.079,2.0,32898.852901000006,4.3
2011,FEMALE,85+,2.8930000000000002,1.0,34563.477747000004,2.89
2011,MALE,ALL,7.144,137.0,1917757.2178000002,0.6100000000000001
2011,MALE,00to19,0.20700000000000002,1.0,483679.36485000007,0.21000000000000002
2011,MALE,20to24,1.401,2.0,142784.81626000002,0.99
2011,MALE,25to29,7.349000000000001,12.0,163286.57965,2.12
2011,MALE,30to34,10.452,16.0,153083.38436000003,2.61
2011,MALE,35to39,8.498000000000001,12.0,141211.02428,2.45
2011,MALE,40to44,13.099,18.0,137411.12081,3.09
2011,MALE,45to49,18.762,28.0,149241.54862,3.55
2011,MALE,50to54,14.179000000000002,21.0,148104.94096,3.09
2011,MALE,55to59,11.397,14.0,122834.89826,3.05
2011,MALE,60to64,6.481000000000001,6.0,92577.782405,2.65
2011,MALE,65to69,3.216,2.0,62180.535258,2.27
2011,MALE,70to74,2.2310000000000003,1.0,44828.313059,2.23
2011,MALE,75to79,2.873,1.0,34807.591777,2.87
2011,MALE,80to84,4.067,1.0,24587.595694,4.07
2011,MALE,85+,11.670000000000002,2.0,17137.721541,8.250000000000002
2012,BOTH,ALL,13.817,534.0,3864883.1361000002,0.6000000000000001
2012,BOTH,00to19,0.41700000000000004,4.0,958959.8783000001,0.21000000000000002
2012,BOTH,20to24,7.436,21.0,282404.04753,1.62
2012,BOTH,25to29,20.104000000000003,65.0,323315.40705000004,2.49
2012,BOTH,30to34,27.207000000000004,85.0,312423.286,2.95
2012,BOTH,35to39,27.64,78.0,282200.02229,3.13
2012,BOTH,40to44,23.94,65.0,271510.14377,2.97
2012,BOTH,45to49,23.763,67.0,281952.68451000005,2.9000000000000004
2012,BOTH,50to54,21.735000000000003,63.0,289851.61692000006,2.74
2012,BOTH,55to59,14.433,36.0,249424.26216,2.41
2012,BOTH,60to64,10.618000000000002,20.0,188357.61415,2.37
2012,BOTH,65to69,8.728000000000002,12.0,137487.88994000002,2.52
2012,BOTH,70to74,12.269000000000002,12.0,97810.66874200001,3.54
2012,BOTH,75to79,1.307,1.0,76492.75450699999,1.31
2012,BOTH,80to84,1.7020000000000002,1.0,58744.465597,1.7000000000000002
2012,BOTH,85+,7.414000000000001,4.0,53948.39465,3.71
2012,FEMALE,ALL,18.645000000000003,355.0,1903995.1545000002,0.99
2012,FEMALE,00to19,0.42900000000000005,2.0,466304.55836,0.30000000000000004
2012,FEMALE,20to24,10.889000000000001,15.0,137755.99542,2.81
2012,FEMALE,25to29,27.270000000000003,43.0,157680.51027,4.16
2012,FEMALE,30to34,41.839000000000006,64.0,152968.25889,5.23
2012,FEMALE,35to39,38.685,53.0,137004.01622,5.3100000000000005
2012,FEMALE,40to44,35.833000000000006,47.0,131164.77009,5.23
2012,FEMALE,45to49,30.131,41.0,136071.69724,4.71
2012,FEMALE,50to54,27.115000000000002,38.0,140143.47039,4.4
2012,FEMALE,55to59,15.739,19.0,120722.74043,3.61
2012,FEMALE,60to64,15.036,14.0,93112.68551600001,4.02
2012,FEMALE,65to69,11.487,8.0,69641.646569,4.06
2012,FEMALE,70to74,9.779000000000002,5.0,51128.416644000004,4.37
2012,FEMALE,75to79,2.4250000000000003,1.0,41232.924208000004,2.43
2012,FEMALE,80to84,2.994,1.0,33397.826326,2.99
2012,FEMALE,85+,11.215000000000002,4.0,35665.637931,5.61
2012,MALE,ALL,9.129,179.0,1960887.9816,0.68
2012,MALE,00to19,0.406,2.0,492655.31995000003,0.29000000000000004
2012,MALE,20to24,4.148000000000001,6.0,144648.0521,1.6900000000000002
2012,MALE,25to29,13.282000000000002,22.0,165634.89678,2.83
2012,MALE,30to34,13.170000000000002,21.0,159455.02711,2.87
2012,MALE,35to39,17.218,25.0,145196.00607,3.4400000000000004
2012,MALE,40to44,12.826,18.0,140345.37368000002,3.02
2012,MALE,45to49,17.823,26.0,145880.98726999998,3.5
2012,MALE,50to54,16.699,25.0,149708.14654000002,3.3400000000000003
2012,MALE,55to59,13.209000000000001,17.0,128701.52173,3.2
2012,MALE,60to64,6.300000000000001,6.0,95244.928637,2.57
2012,MALE,65to69,5.896000000000001,4.0,67846.243369,2.95
2012,MALE,70to74,14.995000000000001,7.0,46682.252098000004,5.670000000000001
2012,MALE,75to79,0.0,0.0,35259.830299,5.670000000000001
2012,MALE,80to84,0.0,0.0,25346.639271000004,7.890000000000001
2012,MALE,85+,0.0,0.0,18282.756719,10.94
2013,BOTH,ALL,14.077,559.0,3971043.7575000003,0.6000000000000001
2013,BOTH,00to19,0.7140000000000001,7.0,980716.53279,0.27
2013,BOTH,20to24,6.969,20.0,286975.83534,1.56
2013,BOTH,25to29,17.893,59.0,329736.20575,2.33
2013,BOTH,30to34,22.483,74.0,329141.19835,2.61
2013,BOTH,35to39,27.208000000000002,80.0,294036.28353,3.04
2013,BOTH,40to44,25.825,72.0,278802.93576,3.04
2013,BOTH,45to49,22.018,61.0,277044.80326,2.8200000000000003
2013,BOTH,50to54,27.234,80.0,293747.54204,3.04
2013,BOTH,55to59,19.588,51.0,260364.74365000002,2.74
2013,BOTH,60to64,12.23,24.0,196245.38952000003,2.5
2013,BOTH,65to69,11.489,17.0,147964.03924,2.79
2013,BOTH,70to74,6.8260000000000005,7.0,102554.82561,2.58
2013,BOTH,75to79,1.2850000000000001,1.0,77820.94321600001,1.2900000000000003
2013,BOTH,80to84,5.021,3.0,59745.082367,2.9000000000000004
2013,BOTH,85+,5.343000000000001,3.0,56147.397039,3.08
2013,FEMALE,ALL,19.650000000000002,384.0,1954225.5038,1.0
2013,FEMALE,00to19,0.8390000000000001,4.0,476774.88454000006,0.42000000000000004
2013,FEMALE,20to24,7.215,10.0,138597.44926,2.2800000000000002
2013,FEMALE,25to29,29.3,47.0,160410.44155000002,4.2700000000000005
2013,FEMALE,30to34,33.484,54.0,161273.13346,4.56
2013,FEMALE,35to39,39.207,56.0,142830.12676,5.24
2013,FEMALE,40to44,32.71,44.0,134515.70881,4.930000000000001
2013,FEMALE,45to49,29.915000000000003,40.0,133712.96759,4.73
2013,FEMALE,50to54,35.756,51.0,142632.71866,5.01
2013,FEMALE,55to59,30.155,38.0,126015.50058,4.890000000000001
2013,FEMALE,60to64,16.507,16.0,96930.694696,4.130000000000001
2013,FEMALE,65to69,18.713,14.0,74812.674264,5.0
2013,FEMALE,70to74,5.6240000000000006,3.0,53339.095412,3.25
2013,FEMALE,75to79,2.39,1.0,41840.095221,2.39
2013,FEMALE,80to84,8.872,3.0,33813.28101100001,5.12
2013,FEMALE,85+,8.168,3.0,36726.732,4.72
2013,MALE,ALL,8.677,175.0,2016818.2536000002,0.6600000000000001
2013,MALE,00to19,0.595,3.0,503941.64825,0.34
2013,MALE,20to24,6.74,10.0,148378.38608000003,2.13
2013,MALE,25to29,7.087,12.0,169325.7642,2.05
2013,MALE,30to34,11.914,20.0,167868.06489,2.66
2013,MALE,35to39,15.872,24.0,151206.15677,3.24
2013,MALE,40to44,19.406000000000002,28.0,144287.22695,3.67
2013,MALE,45to49,14.651000000000002,21.0,143331.83567000003,3.2
2013,MALE,50to54,19.191000000000003,29.0,151114.82338000002,3.56
2013,MALE,55to59,9.676000000000002,13.0,134349.24306,2.68
2013,MALE,60to64,8.055,8.0,99314.694825,2.85
2013,MALE,65to69,4.101000000000001,3.0,73151.364971,2.37
2013,MALE,70to74,8.126999999999999,4.0,49215.730201000006,4.06
2013,MALE,75to79,0.0,0.0,35980.847995000004,5.56
2013,MALE,80to84,0.0,0.0,25931.801356000004,7.71
2013,MALE,85+,0.0,0.0,19420.665039000003,10.3
2014,BOTH,ALL,15.295000000000002,623.0,4073285.0569,0.6100000000000001
2014,BOTH,00to19,0.6980000000000001,7.0,1002501.9866000001,0.26
2014,BOTH,20to24,9.670000000000002,28.0,289567.29517,1.83
2014,BOTH,25to29,16.004,54.0,337410.99476000003,2.18
2014,BOTH,30to34,28.993000000000002,100.0,344914.80388,2.9000000000000004
2014,BOTH,35to39,30.341,93.0,306519.01266,3.15
2014,BOTH,40to44,29.428,84.0,285444.41396000003,3.21
2014,BOTH,45to49,29.997000000000003,82.0,273363.0923,3.31
2014,BOTH,50to54,24.302,72.0,296275.87497,2.8600000000000003
2014,BOTH,55to59,18.269,49.0,268216.19887,2.61
2014,BOTH,60to64,10.635000000000002,22.0,206859.34247,2.27
2014,BOTH,65to69,6.393000000000001,10.0,156419.5776,2.02
2014,BOTH,70to74,9.307,10.0,107440.8678,2.9400000000000004
2014,BOTH,75to79,0.0,0.0,79389.63516800001,2.52
2014,BOTH,80to84,11.549,7.0,60609.17991100001,4.37
2014,BOTH,85+,8.569,5.0,58352.78075500001,3.83
2014,FEMALE,ALL,21.705000000000002,435.0,2004129.4754,1.04
2014,FEMALE,00to19,1.4340000000000002,7.0,488023.73447,0.54
2014,FEMALE,20to24,14.449,20.0,138413.55392,3.23
2014,FEMALE,25to29,24.494000000000003,40.0,163302.75149000002,3.87
2014,FEMALE,30to34,40.831,69.0,168987.2268,4.92
2014,FEMALE,35to39,42.117000000000004,63.0,149584.04198,5.3100000000000005
2014,FEMALE,40to44,39.95100000000001,55.0,137667.89009000003,5.390000000000001
2014,FEMALE,45to49,46.059,61.0,132439.70012000002,5.9
2014,FEMALE,50to54,36.052,52.0,144235.02827,5.0
2014,FEMALE,55to59,27.673000000000002,36.0,130090.04584,4.61
2014,FEMALE,60to64,14.693000000000001,15.0,102091.30375,3.79
2014,FEMALE,65to69,5.053,4.0,79160.68585200001,2.53
2014,FEMALE,70to74,12.584,7.0,55626.604232000005,4.76
2014,FEMALE,75to79,0.0,0.0,42645.537923,4.69
2014,FEMALE,80to84,5.872000000000001,2.0,34062.43523,4.15
2014,FEMALE,85+,10.582,4.0,37798.935464,5.29
2014,MALE,ALL,9.086,188.0,2069155.5815,0.6600000000000001
2014,MALE,00to19,0.0,0.0,514478.25215,0.0
2014,MALE,20to24,5.293,8.0,151153.74126,1.87
2014,MALE,25to29,8.041,14.0,174108.24327,2.15
2014,MALE,30to34,17.621000000000002,31.0,175927.57708,3.16
2014,MALE,35to39,19.116,30.0,156934.97068,3.49
2014,MALE,40to44,19.624000000000002,29.0,147776.52387,3.64
2014,MALE,45to49,14.902000000000001,21.0,140923.39218000002,3.25
2014,MALE,50to54,13.154000000000002,20.0,152040.84670000002,2.9400000000000004
2014,MALE,55to59,9.412,13.0,138126.15303000002,2.61
2014,MALE,60to64,6.681000000000001,7.0,104768.03872,2.53
2014,MALE,65to69,7.766,6.0,77258.89175000001,3.17
2014,MALE,70to74,5.79,3.0,51814.26356300001,3.3400000000000003
2014,MALE,75to79,0.0,0.0,36744.097245,5.44
2014,MALE,80to84,18.835,5.0,26546.744681,8.42
2014,MALE,85+,4.865000000000001,1.0,20553.84529,4.870000000000001
2015,BOTH,ALL,15.143,626.0,4133802.4660000005,0.6100000000000001
2015,BOTH,00to19,1.078,11.0,1020434.6128000001,0.33000000000000007
2015,BOTH,20to24,9.824,28.0,285019.22262,1.86
2015,BOTH,25to29,19.145000000000003,65.0,339505.98466,2.37
2015,BOTH,30to34,27.337,96.0,351174.68262000004,2.79
2015,BOTH,35to39,27.333000000000002,86.0,314634.34680000006,2.95
2015,BOTH,40to44,24.281000000000002,70.0,288287.2345,2.9000000000000004
2015,BOTH,45to49,27.696,75.0,270793.08582,3.2
2015,BOTH,50to54,26.602,78.0,293214.11011,3.01
2015,BOTH,55to59,20.099,55.0,273647.12652000005,2.71
2015,BOTH,60to64,14.738000000000001,32.0,217129.78879000002,2.61
2015,BOTH,65to69,9.067,15.0,165427.44069000002,2.3400000000000003
2015,BOTH,70to74,4.468,5.0,111894.96836000001,2.0
2015,BOTH,75to79,6.156000000000001,5.0,81219.580683,2.75
2015,BOTH,80to84,3.2800000000000002,2.0,60980.27215900001,2.3200000000000003
2015,BOTH,85+,4.964,3.0,60440.008854,2.87
2015,FEMALE,ALL,21.448,437.0,2037528.8329,1.03
2015,FEMALE,00to19,1.407,7.0,497632.61279000004,0.53
2015,FEMALE,20to24,12.533,17.0,135643.46292999998,3.04
2015,FEMALE,25to29,25.043,41.0,163720.6053,3.91
2015,FEMALE,30to34,40.613,70.0,172356.52547,4.8500000000000005
2015,FEMALE,35to39,38.14,59.0,154694.56483,4.970000000000001
2015,FEMALE,40to44,36.47,51.0,139842.23026,5.11
2015,FEMALE,45to49,39.48500000000001,52.0,131694.06501,5.48
2015,FEMALE,50to54,42.49700000000001,61.0,143537.87445,5.44
2015,FEMALE,55to59,26.98,36.0,133431.90312,4.5
2015,FEMALE,60to64,24.284000000000002,26.0,107067.08871,4.76
2015,FEMALE,65to69,11.943,10.0,83729.094745,3.7800000000000002
2015,FEMALE,70to74,3.4570000000000003,2.0,57854.289485,2.4400000000000004
2015,FEMALE,75to79,4.597,2.0,43507.355005000005,3.25
2015,FEMALE,80to84,5.864000000000001,2.0,34106.624534999995,4.15
2015,FEMALE,85+,2.583,1.0,38710.536258,2.58
2015,MALE,ALL,9.016,189.0,2096273.6331,0.6600000000000001
2015,MALE,00to19,0.7650000000000001,4.0,522802.0,0.38000000000000006
2015,MALE,20to24,7.364000000000001,11.0,149375.75969,2.22
2015,MALE,25to29,13.653000000000002,24.0,175785.37936000002,2.79
2015,MALE,30to34,14.54,26.0,178818.15715,2.85
2015,MALE,35to39,16.881,27.0,159939.78197,3.25
2015,MALE,40to44,12.799000000000001,19.0,148445.00424,2.9400000000000004
2015,MALE,45to49,16.535,23.0,139099.0208,3.45
2015,MALE,50to54,11.358,17.0,149676.23566,2.75
2015,MALE,55to59,13.551,19.0,140215.22340000002,3.11
2015,MALE,60to64,5.4510000000000005,6.0,110062.70008000001,2.23
2015,MALE,65to69,6.12,5.0,81698.34594500001,2.74
2015,MALE,70to74,5.551,3.0,54040.67887,3.21
2015,MALE,75to79,7.955,3.0,37712.225679,4.59
2015,MALE,80to84,0.0,0.0,26873.647624,7.44
2015,MALE,85+,9.204,2.0,21729.472595000003,6.51
2016,BOTH,ALL,14.409,603.0,4184986.1738,0.59
2016,BOTH,00to19,0.674,7.0,1038396.2065000001,0.25
2016,BOTH,20to24,8.226,23.0,279589.41924,1.7200000000000002
2016,BOTH,25to29,20.261000000000003,68.0,335615.73794,2.4600000000000004
2016,BOTH,30to34,25.034,89.0,355521.90555,2.65
2016,BOTH,35to39,23.32,75.0,321609.91908,2.69
2016,BOTH,40to44,25.468000000000004,74.0,290564.84307,2.9600000000000004
2016,BOTH,45to49,28.908,79.0,273276.96339000005,3.25
2016,BOTH,50to54,23.105,66.0,285654.095,2.8400000000000003
2016,BOTH,55to59,16.959000000000003,47.0,277143.49940000003,2.47
2016,BOTH,60to64,16.267,37.0,227450.18655,2.67
2016,BOTH,65to69,13.253000000000002,23.0,173543.49909000003,2.7600000000000002
2016,BOTH,70to74,8.491,10.0,117765.61061,2.69
2016,BOTH,75to79,2.386,2.0,83806.7103,1.6900000000000002
2016,BOTH,80to84,4.8420000000000005,3.0,61961.283597,2.8000000000000003
2016,BOTH,85+,0.0,0.0,63086.29444500001,3.17
2016,FEMALE,ALL,20.728,429.0,2069665.4152000002,1.0
2016,FEMALE,00to19,0.985,5.0,507610.86885,0.44
2016,FEMALE,20to24,12.735000000000001,17.0,133495.55307,3.09
2016,FEMALE,25to29,32.074,52.0,162125.00592,4.45
2016,FEMALE,30to34,39.48700000000001,69.0,174739.73662,4.75
2016,FEMALE,35to39,32.684000000000005,52.0,159101.62198,4.53
2016,FEMALE,40to44,40.055,57.0,142302.62954,5.3100000000000005
2016,FEMALE,45to49,38.321000000000005,51.0,133085.52521,5.370000000000001
2016,FEMALE,50to54,32.758,46.0,140425.55242,4.830000000000001
2016,FEMALE,55to59,24.246000000000002,33.0,136105.75092000002,4.22
2016,FEMALE,60to64,20.434,23.0,112558.72232000002,4.26
2016,FEMALE,65to69,18.229,16.0,87770.023444,4.56
2016,FEMALE,70to74,6.563,4.0,60950.965614,3.2800000000000002
2016,FEMALE,75to79,4.461,2.0,44829.434684,3.15
2016,FEMALE,80to84,5.796,2.0,34509.529149,4.1000000000000005
2016,FEMALE,85+,0.0,0.0,40054.495471,4.99
2016,MALE,ALL,8.226,174.0,2115320.7585,0.6200000000000001
2016,MALE,00to19,0.37700000000000006,2.0,530785.33764,0.27
2016,MALE,20to24,4.107,6.0,146093.86617000002,1.6800000000000002
2016,MALE,25to29,9.222000000000001,16.0,173490.73202000002,2.31
2016,MALE,30to34,11.063,20.0,180782.16894,2.47
2016,MALE,35to39,14.153000000000002,23.0,162508.29711,2.95
2016,MALE,40to44,11.466000000000001,17.0,148262.21353,2.7800000000000002
2016,MALE,45to49,19.973000000000003,28.0,140191.43817,3.77
2016,MALE,50to54,13.771,20.0,145228.54258,3.08
2016,MALE,55to59,9.926,14.0,141037.74848,2.65
2016,MALE,60to64,12.185000000000002,14.0,114891.46422000001,3.2600000000000002
2016,MALE,65to69,8.161,7.0,85773.47564100001,3.08
2016,MALE,70to74,10.561,6.0,56814.644996,4.31
2016,MALE,75to79,0.0,0.0,38977.275616000006,5.130000000000001
2016,MALE,80to84,3.6430000000000002,1.0,27451.754448,3.64
2016,MALE,85+,0.0,0.0,23031.798974,8.68
2017,BOTH,ALL,14.824,627.0,4229690.3044,0.59
2017,BOTH,00to19,1.143,12.0,1049553.0225,0.33000000000000007
2017,BOTH,20to24,9.843,27.0,274294.37121,1.8900000000000001
2017,BOTH,25to29,17.916,59.0,329312.33070000005,2.33
2017,BOTH,30to34,24.201000000000004,86.0,355363.36018,2.61
2017,BOTH,35to39,27.846,92.0,330391.73852,2.9000000000000004
2017,BOTH,40to44,27.169,80.0,294452.82803,3.04
2017,BOTH,45to49,23.515,65.0,276415.91143000004,2.9200000000000004
2017,BOTH,50to54,21.913000000000004,61.0,278378.66103,2.81
2017,BOTH,55to59,21.07,59.0,280020.48294,2.74
2017,BOTH,60to64,17.617,42.0,238408.23997000002,2.72
2017,BOTH,65to69,14.529,26.0,178948.69092,2.85
2017,BOTH,70to74,7.019,9.0,128214.44941000002,2.3400000000000003
2017,BOTH,75to79,6.852,6.0,87571.057021,2.8000000000000003
2017,BOTH,80to84,3.177,2.0,62944.786222,2.25
2017,BOTH,85+,1.529,1.0,65420.374315,1.53
2017,FEMALE,ALL,20.373,427.0,2095960.5619,0.99
2017,FEMALE,00to19,1.559,8.0,513120.88511000003,0.55
2017,FEMALE,20to24,18.233999999999998,24.0,131623.39972000002,3.72
2017,FEMALE,25to29,28.206000000000003,45.0,159538.46645000004,4.2
2017,FEMALE,30to34,31.471000000000004,55.0,174765.53281,4.24
2017,FEMALE,35to39,39.631,65.0,164013.15394000002,4.92
2017,FEMALE,40to44,35.839000000000006,52.0,145093.34906,4.970000000000001
2017,FEMALE,45to49,25.257,34.0,134614.41388,4.33
2017,FEMALE,50to54,33.646,46.0,136718.54695,4.96
2017,FEMALE,55to59,28.927000000000003,40.0,138279.28565,4.57
2017,FEMALE,60to64,21.144000000000002,25.0,118234.32328,4.23
2017,FEMALE,65to69,25.412000000000003,23.0,90508.353978,5.300000000000001
2017,FEMALE,70to74,9.045,6.0,66335.246267,3.69
2017,FEMALE,75to79,4.269,2.0,46848.560865,3.02
2017,FEMALE,80to84,2.853,1.0,35047.512233,2.85
2017,FEMALE,85+,2.426,1.0,41219.531732,2.43
2017,MALE,ALL,9.373000000000001,200.0,2133729.7425,0.6600000000000001
2017,MALE,00to19,0.7460000000000001,4.0,536432.13741,0.37000000000000005
2017,MALE,20to24,2.103,3.0,142670.97149,1.2100000000000002
2017,MALE,25to29,8.246,14.0,169773.86425,2.2
2017,MALE,30to34,17.165000000000003,31.0,180597.82737,3.08
2017,MALE,35to39,16.227999999999998,27.0,166378.58458,3.12
2017,MALE,40to44,18.747,28.0,149359.47897,3.54
2017,MALE,45to49,21.862000000000002,31.0,141801.49753999998,3.93
2017,MALE,50to54,10.589,15.0,141660.11407,2.73
2017,MALE,55to59,13.405000000000001,19.0,141741.19729,3.08
2017,MALE,60to64,14.146,17.0,120173.91669000001,3.43
2017,MALE,65to69,3.3920000000000003,3.0,88440.33693800001,1.9600000000000002
2017,MALE,70to74,4.848000000000001,3.0,61879.20314800001,2.8000000000000003
2017,MALE,75to79,9.823,4.0,40722.496155,4.91
2017,MALE,80to84,3.585,1.0,27897.273989,3.58
2017,MALE,85+,0.0,0.0,24200.842582,8.260000000000002
2018,BOTH,ALL,14.604000000000001,626.0,4286450.128400001,0.58
2018,BOTH,00to19,1.319,14.0,1061087.2718,0.35000000000000003
2018,BOTH,20to24,8.408,23.0,273535.42881,1.7500000000000002
2018,BOTH,25to29,19.678,64.0,325228.59856,2.4600000000000004
2018,BOTH,30to34,26.531,94.0,354305.25674000004,2.74
2018,BOTH,35to39,25.541,87.0,340630.94512000005,2.74
2018,BOTH,40to44,28.898,87.0,301056.83058999997,3.1
2018,BOTH,45to49,23.218000000000004,65.0,279958.46147000004,2.8800000000000003
2018,BOTH,50to54,21.756000000000004,59.0,271192.44257,2.83
2018,BOTH,55to59,19.112000000000002,54.0,282538.29631,2.6
2018,BOTH,60to64,14.091,35.0,248382.4941,2.3800000000000003
2018,BOTH,65to69,12.332,23.0,186500.27127,2.57
2018,BOTH,70to74,5.804,8.0,137826.79108000002,2.05
2018,BOTH,75to79,8.658,8.0,92401.37577500001,3.06
2018,BOTH,80to84,4.666,3.0,64292.09886,2.69
2018,BOTH,85+,2.962,2.0,67513.565297,2.09
2018,FEMALE,ALL,19.573,416.0,2125382.9557,0.96
2018,FEMALE,00to19,1.543,8.0,518608.24337000004,0.55
2018,FEMALE,20to24,14.464,19.0,131363.4282,3.3200000000000003
2018,FEMALE,25to29,27.922,44.0,157583.29690000002,4.21
2018,FEMALE,30to34,36.179,63.0,174135.26563,4.56
2018,FEMALE,35to39,39.011,66.0,169183.7794,4.800000000000001
2018,FEMALE,40to44,36.385000000000005,54.0,148413.47379,4.95
2018,FEMALE,45to49,32.216,44.0,136578.42659,4.86
2018,FEMALE,50to54,29.335,39.0,132946.80338000003,4.7
2018,FEMALE,55to59,24.956000000000003,35.0,140245.96852,4.22
2018,FEMALE,60to64,18.665000000000003,23.0,123223.61099,3.89
2018,FEMALE,65to69,11.664000000000001,11.0,94303.550365,3.52
2018,FEMALE,70to74,4.2,3.0,71429.580309,2.4200000000000004
2018,FEMALE,75to79,10.162,5.0,49202.782787000004,4.54
2018,FEMALE,80to84,2.7950000000000004,1.0,35779.905535,2.79
2018,FEMALE,85+,2.3590000000000004,1.0,42384.839933,2.3600000000000003
2018,MALE,ALL,9.717,210.0,2161067.1727,0.6700000000000002
2018,MALE,00to19,1.106,6.0,542479.02847,0.45
2018,MALE,20to24,2.813,4.0,142172.00061,1.4100000000000001
2018,MALE,25to29,11.93,20.0,167645.30166000003,2.67
2018,MALE,30to34,17.206,31.0,180169.99111000003,3.09
2018,MALE,35to39,12.249,21.0,171447.16573,2.67
2018,MALE,40to44,21.619,33.0,152643.3568,3.7600000000000002
2018,MALE,45to49,14.646,21.0,143380.03488,3.2
2018,MALE,50to54,14.467,20.0,138245.63919000002,3.23
2018,MALE,55to59,13.353000000000002,19.0,142292.32778000002,3.06
2018,MALE,60to64,9.588,12.0,125158.88311000001,2.77
2018,MALE,65to69,13.016,12.0,92196.72090400002,3.7600000000000002
2018,MALE,70to74,7.53,5.0,66397.210769,3.37
2018,MALE,75to79,6.945,3.0,43198.592988,4.01
2018,MALE,80to84,7.015,2.0,28512.193324000003,4.96
2018,MALE,85+,3.9800000000000004,1.0,25128.725364,3.9800000000000004
2019,BOTH,ALL,14.366000000000001,625.0,4350420.0506,0.5700000000000001
2019,BOTH,00to19,0.8400000000000001,9.0,1071327.9538000003,0.28
2019,BOTH,20to24,8.712000000000002,24.0,275492.75143,1.7800000000000002
2019,BOTH,25to29,19.038,61.0,320415.20829000004,2.4400000000000004
2019,BOTH,30to34,25.387,90.0,354511.70749,2.68
2019,BOTH,35to39,21.971000000000004,77.0,350467.85663000005,2.5
2019,BOTH,40to44,27.803,86.0,309314.11722,3.0
2019,BOTH,45to49,29.976000000000003,85.0,283557.62748,3.25
2019,BOTH,50to54,21.408,57.0,266261.43584000005,2.8400000000000003
2019,BOTH,55to59,19.347,55.0,284287.29643,2.61
2019,BOTH,60to64,13.264000000000001,34.0,256340.63305,2.27
2019,BOTH,65to69,8.103,16.0,197447.23992000002,2.03
2019,BOTH,70to74,11.55,17.0,147185.70870000002,2.8000000000000003
2019,BOTH,75to79,8.187999999999999,8.0,97707.612576,2.89
2019,BOTH,80to84,4.532,3.0,66189.533752,2.62
2019,BOTH,85+,4.291,3.0,69913.36805,2.4800000000000004
2019,FEMALE,ALL,19.733000000000004,426.0,2158828.1631,0.96
2019,FEMALE,00to19,1.336,7.0,523854.53573,0.51
2019,FEMALE,20to24,13.595,18.0,132404.72973000002,3.2
2019,FEMALE,25to29,28.296000000000003,44.0,155501.20814,4.2700000000000005
2019,FEMALE,30to34,38.501,67.0,174019.21361,4.7
2019,FEMALE,35to39,33.4,58.0,173655.17633000002,4.39
2019,FEMALE,40to44,41.82600000000001,64.0,153014.36788,5.23
2019,FEMALE,45to49,39.745000000000005,55.0,138382.80179000003,5.36
2019,FEMALE,50to54,25.239000000000004,33.0,130747.65261,4.39
2019,FEMALE,55to59,23.347,33.0,141346.74709000002,4.06
2019,FEMALE,60to64,13.337000000000002,17.0,127468.28695000001,3.23
2019,FEMALE,65to69,8.013,8.0,99839.592799,2.83
2019,FEMALE,70to74,15.721000000000002,12.0,76333.071512,4.54
2019,FEMALE,75to79,11.58,6.0,51812.897721,4.73
2019,FEMALE,80to84,5.421,2.0,36891.26961,3.83
2019,FEMALE,85+,4.592,2.0,43556.61161100001,3.25
2019,MALE,ALL,9.08,199.0,2191591.8875,0.6400000000000001
2019,MALE,00to19,0.36500000000000005,2.0,547473.41804,0.26
2019,MALE,20to24,4.1930000000000005,6.0,143088.02171,1.7100000000000002
2019,MALE,25to29,10.308,17.0,164914.00015,2.5
2019,MALE,30to34,12.743,23.0,180492.49388000002,2.66
2019,MALE,35to39,10.746,19.0,176812.68031,2.47
2019,MALE,40to44,14.076,22.0,156299.74934,3.0
2019,MALE,45to49,20.665000000000003,30.0,145174.82569000003,3.77
2019,MALE,50to54,17.71,24.0,135513.78323,3.62
2019,MALE,55to59,15.391,22.0,142940.54934,3.2800000000000002
2019,MALE,60to64,13.191,17.0,128872.34610000001,3.2
2019,MALE,65to69,8.196,8.0,97607.64711800001,2.9000000000000004
2019,MALE,70to74,7.057,5.0,70852.63719000001,3.16
2019,MALE,75to79,4.358,2.0,45894.714856000006,3.08
2019,MALE,80to84,3.4130000000000003,1.0,29298.264142,3.41
2019,MALE,85+,3.794,1.0,26356.75644,3.79
2020,BOTH,ALL,15.009,661.0,4404089.7757,0.58
2020,BOTH,00to19,1.2060000000000002,13.0,1077552.201,0.33000000000000007
2020,BOTH,20to24,11.21,31.0,276534.79514,2.01
2020,BOTH,25to29,20.406000000000002,64.0,313639.11275000003,2.55
2020,BOTH,30to34,26.743000000000002,95.0,355234.40246,2.74
2020,BOTH,35to39,27.113000000000003,97.0,357759.17359,2.75
2020,BOTH,40to44,26.083,83.0,318219.76180000004,2.8600000000000003
2020,BOTH,45to49,23.69,68.0,287038.11277,2.87
2020,BOTH,50to54,30.576,81.0,264910.35309,3.4000000000000004
2020,BOTH,55to59,17.001,48.0,282343.24093,2.45
2020,BOTH,60to64,13.341000000000001,35.0,262350.72093,2.2600000000000002
2020,BOTH,65to69,11.507,24.0,208564.91956,2.35
2020,BOTH,70to74,6.375000000000001,10.0,156864.43920999998,2.02
2020,BOTH,75to79,3.8970000000000002,4.0,102641.34467,1.9500000000000002
2020,BOTH,80to84,8.775,6.0,68376.77695,3.58
2020,BOTH,85+,2.7750000000000004,2.0,72060.42084400001,1.9600000000000002
2020,FEMALE,ALL,20.624000000000002,451.0,2186762.8761000005,0.97
2020,FEMALE,00to19,1.897,10.0,527030.79622,0.6000000000000001
2020,FEMALE,20to24,19.566,26.0,132883.0769,3.8400000000000003
2020,FEMALE,25to29,35.476,54.0,152214.67192,4.830000000000001
2020,FEMALE,30to34,35.025,61.0,174161.21163,4.48
2020,FEMALE,35to39,40.655,72.0,177099.10775,4.79
2020,FEMALE,40to44,38.056,60.0,157662.15333,4.91
2020,FEMALE,45to49,36.282000000000004,51.0,140567.12097000002,5.08
2020,FEMALE,50to54,34.625,45.0,129963.58771,5.16
2020,FEMALE,55to59,18.495,26.0,140581.69782,3.63
2020,FEMALE,60to64,14.523,19.0,130828.21059000002,3.33
2020,FEMALE,65to69,13.293000000000001,14.0,105316.87219000001,3.55
2020,FEMALE,70to74,7.3790000000000004,6.0,81313.847718,3.01
2020,FEMALE,75to79,3.6750000000000003,2.0,54414.568759,2.6
2020,FEMALE,80to84,7.901000000000001,3.0,37968.961834,4.56
2020,FEMALE,85+,4.469,2.0,44756.990730000005,3.16
2020,MALE,ALL,9.471,210.0,2217326.8996,0.6500000000000001
2020,MALE,00to19,0.545,3.0,550521.40477,0.31000000000000005
2020,MALE,20to24,3.4810000000000003,5.0,143651.71824000002,1.56
2020,MALE,25to29,6.195,10.0,161424.44083000004,1.9600000000000002
2020,MALE,30to34,18.777,34.0,181073.19083,3.22
2020,MALE,35to39,13.838000000000001,25.0,180660.06585,2.77
2020,MALE,40to44,14.325000000000001,23.0,160557.60847,2.99
2020,MALE,45to49,11.606000000000002,17.0,146470.9918,2.81
2020,MALE,50to54,26.677000000000003,36.0,134946.76538,4.45
2020,MALE,55to59,15.519,22.0,141761.54311,3.31
2020,MALE,60to64,12.165000000000001,16.0,131522.51034,3.04
2020,MALE,65to69,9.685000000000002,10.0,103248.04737,3.06
2020,MALE,70to74,5.2940000000000005,4.0,75550.591488,2.65
2020,MALE,75to79,4.147,2.0,48226.775913000005,2.93
2020,MALE,80to84,9.866000000000001,3.0,30407.815116,5.7
2020,MALE,85+,0.0,0.0,27303.430115000003,7.32
2021,BOTH,ALL,14.58,646.0,4430844.0895,0.5700000000000001
2021,BOTH,00to19,0.7440000000000001,8.0,1075688.6475000002,0.26
2021,BOTH,20to24,11.306000000000001,31.0,274187.88964,2.03
2021,BOTH,25to29,23.662000000000003,72.0,304291.45420000004,2.79
2021,BOTH,30to34,21.69,76.0,350389.80169000005,2.49
2021,BOTH,35to39,27.042,98.0,362398.54948,2.73
2021,BOTH,40to44,30.367,99.0,326015.17879000003,3.05
2021,BOTH,45to49,26.867,78.0,290321.74984,3.04
2021,BOTH,50to54,22.032,59.0,267795.08959,2.87
2021,BOTH,55to59,18.455000000000002,51.0,276344.24772,2.58
2021,BOTH,60to64,10.872,29.0,266731.82561,2.02
2021,BOTH,65to69,8.654,19.0,219548.52807,1.9900000000000002
2021,BOTH,70to74,8.474,14.0,165203.269,2.2600000000000002
2021,BOTH,75to79,6.489000000000001,7.0,107871.79115,2.45
2021,BOTH,80to84,4.219,3.0,71102.83446700001,2.4400000000000004
2021,BOTH,85+,2.741,2.0,72953.232756,1.9400000000000002
2021,FEMALE,ALL,19.173000000000002,422.0,2200986.1115,0.93
2021,FEMALE,00to19,0.9500000000000001,5.0,526199.43609,0.42000000000000004
2021,FEMALE,20to24,17.434,23.0,131925.28319000002,3.64
2021,FEMALE,25to29,33.954,50.0,147256.30771000002,4.800000000000001
2021,FEMALE,30to34,32.554,56.0,172021.11430000002,4.35
2021,FEMALE,35to39,35.777,64.0,178887.02778,4.470000000000001
2021,FEMALE,40to44,43.944,71.0,161570.75012,5.22
2021,FEMALE,45to49,35.71,51.0,142818.57198,5.0
2021,FEMALE,50to54,22.883,30.0,131102.98596,4.180000000000001
2021,FEMALE,55to59,21.103,29.0,137421.72158,3.9200000000000004
2021,FEMALE,60to64,13.479000000000001,18.0,133539.86037,3.18
2021,FEMALE,65to69,9.917,11.0,110925.04236,2.99
2021,FEMALE,70to74,9.370000000000001,8.0,85376.21969700001,3.31
2021,FEMALE,75to79,5.24,3.0,57248.131440000005,3.03
2021,FEMALE,80to84,5.072,2.0,39430.03464,3.59
2021,FEMALE,85+,2.209,1.0,45263.62428,2.21
2021,MALE,ALL,10.045,224.0,2229857.978,0.6700000000000002
2021,MALE,00to19,0.546,3.0,549489.2114200001,0.32000000000000006
2021,MALE,20to24,5.623,8.0,142262.60645,1.9900000000000002
2021,MALE,25to29,14.01,22.0,157035.14649,2.99
2021,MALE,30to34,11.213000000000001,20.0,178368.68739,2.51
2021,MALE,35to39,18.527,34.0,183511.5217,3.18
2021,MALE,40to44,17.027,28.0,164444.42867000002,3.22
2021,MALE,45to49,18.305,27.0,147503.17786,3.52
2021,MALE,50to54,21.216,29.0,136692.10363,3.9400000000000004
2021,MALE,55to59,15.836,22.0,138922.52614,3.3800000000000003
2021,MALE,60to64,8.259,11.0,133191.96525,2.49
2021,MALE,65to69,7.365000000000001,8.0,108623.48571000001,2.6
2021,MALE,70to74,7.516,6.0,79827.049299,3.07
2021,MALE,75to79,7.901000000000001,4.0,50623.659707000006,3.95
2021,MALE,80to84,3.157,1.0,31672.799827,3.16
2021,MALE,85+,3.611,1.0,27689.608476,3.61
2022,BOTH,ALL,13.488,611.0,4529874.1079,0.55
2022,BOTH,00to19,1.002,11.0,1097337.4442,0.30000000000000004
2022,BOTH,20to24,8.896,25.0,281027.87558,1.7800000000000002
2022,BOTH,25to29,17.237,53.0,307474.44642000005,2.37
2022,BOTH,30to34,25.196,89.0,353223.70155,2.67
2022,BOTH,35to39,28.739000000000004,106.0,368841.83275000006,2.79
2022,BOTH,40to44,26.228,89.0,339332.77037,2.7800000000000002
2022,BOTH,45to49,19.172,57.0,297304.87493,2.54
2022,BOTH,50to54,19.02,52.0,273395.73614,2.64
2022,BOTH,55to59,15.481,42.0,271293.39733,2.39
2022,BOTH,60to64,15.836,43.0,271532.91339,2.41
2022,BOTH,65to69,11.645000000000001,27.0,231867.92979000002,2.24
2022,BOTH,70to74,4.668,8.0,171385.96340000004,1.6500000000000001
2022,BOTH,75to79,3.3910000000000005,4.0,117970.79201,1.7000000000000002
2022,BOTH,80to84,4.023,3.0,74570.883101,2.3200000000000003
2022,BOTH,85+,2.728,2.0,73313.546974,1.9300000000000002
2022,FEMALE,ALL,18.211,410.0,2251441.3664,0.9
2022,FEMALE,00to19,1.6780000000000002,9.0,536476.80403,0.56
2022,FEMALE,20to24,13.998000000000001,19.0,135733.61208,3.21
2022,FEMALE,25to29,23.485000000000003,35.0,149032.68691000002,3.97
2022,FEMALE,30to34,34.671,60.0,173057.30562000003,4.48
2022,FEMALE,35to39,40.764,74.0,181534.53763,4.74
2022,FEMALE,40to44,39.791000000000004,67.0,168378.77278,4.86
2022,FEMALE,45to49,23.839000000000002,35.0,146819.09529,4.03
2022,FEMALE,50to54,27.684,37.0,133651.71818000003,4.55
2022,FEMALE,55to59,19.278000000000002,26.0,134871.81253000002,3.7800000000000002
2022,FEMALE,60to64,19.027,26.0,136648.82972,3.73
2022,FEMALE,65to69,11.939,14.0,117261.57379,3.19
2022,FEMALE,70to74,3.3870000000000005,3.0,88565.806161,1.9600000000000002
2022,FEMALE,75to79,4.792,3.0,62605.602786,2.77
2022,FEMALE,80to84,2.422,1.0,41286.11215200001,2.4200000000000004
2022,FEMALE,85+,2.197,1.0,45517.096752,2.2
2022,MALE,ALL,8.822000000000001,201.0,2278432.7415,0.6200000000000001
2022,MALE,00to19,0.35700000000000004,2.0,560860.64013,0.25
2022,MALE,20to24,4.130000000000001,6.0,145294.2635,1.6900000000000002
2022,MALE,25to29,11.361,18.0,158441.75951,2.68
2022,MALE,30to34,16.096,29.0,180166.39593000003,2.99
2022,MALE,35to39,17.084,32.0,187307.29512000002,3.02
2022,MALE,40to44,12.869000000000002,22.0,170953.99760000003,2.74
2022,MALE,45to49,14.619000000000002,22.0,150485.77964000002,3.12
2022,MALE,50to54,10.734000000000002,15.0,139744.01797,2.77
2022,MALE,55to59,11.728000000000002,16.0,136421.5848,2.93
2022,MALE,60to64,12.603000000000002,17.0,134884.08366,3.06
2022,MALE,65to69,11.343,13.0,114606.356,3.15
2022,MALE,70to74,6.037,5.0,82820.157235,2.7
2022,MALE,75to79,1.806,1.0,55365.18922300001,1.81
2022,MALE,80to84,6.009,2.0,33284.770950000006,4.25
2022,MALE,85+,3.598,1.0,27796.450222000003,3.6
